,state.abb,id,name,ncesID,name_nces,note
1,GA,1268652,thomaston-upson county school system,1305280,,
2,NJ,1268472,city of rahway board of education,,,deleted
3,NJ,1268818,city of rahway school district,3413530,Rahway Public School District,
4,NJ,1268310,hamilton township school district,3406510,Hamilton Township School District,
5,NY,1240646,board of education city of buffalo,3605850,,
6,NJ,197278,passaic county technical-vocational schools,3412630,,
7,MD,1268506,board of education baltimore county,2400120,,
8,MN,1268507,Minneapolis Public Schools Special School District No. 1,2721240,Minneapolis Public School District,"forty_three elementary schools, eight middle schools, two K_ 8 schools, ten high schools, a transition school, and four district administration buildings. D"
9,NJ,225201,red bank borough public school district,3413740,,
10,LA,1267815,lafayette prish school board,2200870,,
11,SC,87674,fort mill school district no. 4,4503900,,
12,MD,1267835,howard county public school system,2400420,,
13,NJ,1268289,cape may county technical school district,3402730,,
14,SD,1268743,corsica-stickney school district no. 21-3,4680445,Corsica-stickney 21-3,
15,PA,151284,School District of the City of Erie,,,deleted
16,PA,168781,the school district of the city of erie,,,deleted
17,VA,1266775,school board of the city of norfolk,5102670,Norfolk City Public Schools,
18,PA,1240910,School District of the City of Erie,4209300,Erie City SD,
19,LA,1238403,tangipahoa parish school system,2201680,,
,,,,,,
21,NJ,225075,borough of lawnside school district,3408340,Lawnside School District,
22,MN,1265981,independent school district no. 194,2717780,Lakeville Area Schools,
23,MN,1265985,independent school district no. 273,2711250,EDINA PUBLIC SCHOOL DISTRICT,
24,PA,1268137,school district of haveford township,4211670,Haverford Township SD,
25,CA,1266103,washington unified school district (yolo county),0641580,Washington Unified,
26,OR,1268254,sherwood school district,4111290,Sherwood SD 88J,
27,OH,1268369,boone county board of education,,,should be KY
28,MN,1266215,independent school district no. 276,2711670,MINNETONKA PUBLIC SCHOOL DISTRICT,
29,ND,81800,board of education of the city of fargo,3806780,FARGO 1,
30,TX,1268187,temple independent school distrist,4842330,TEMPLE ISD,has 2 year 2023
31,CA,67836,santa cruz city schools,,,"Santa Cruz City Schools (the ""District"") is a consolidation of Santa Cruz City High School District and Santa Cruz City Elementary School District."
32,OR,1265982,multnomah county school district no. 7,4180180,Multnomah ESD,
33,NY,1268056,shenendehowa central school district at clifton park,3626670,SHENENDEHOWA CENTRAL SCHOOL DISTRICT,
34,NY,398768,clarkstown central school distrcit,3620340,CLARKSTOWN CENTRAL SCHOOL DISTRICT,
35,PA,228844,quakertown community school distric,4219890,Quakertown Community SD,
36,NJ,1240220,city of elizabeth school district-ein noted,3404590,Elizabeth Public Schools,City of Elizabeth School District
37,MN,1267895,independant school district no. 152,2721420,Moorhead Area Public Schools,misspelling caused new id
38,NY,1268068,warwick valley central school,,,
39,NY,1239058,lakeland central school dirstrict,,,
40,GA,1265826,city of gainesville board of education,,,
41,NY,36240,boces first supervisory district of monroe county,,,
42,MT,1266224,missoula county public school district no.1,,,
43,NY,225511,somers central school dirstrict,,,
44,KS,1267763,unified school district no. 230,,,
45,PA,228591,bucks county intermediate unit no. 22,,,
46,PA,1268130,fox chapel areas school district,,,
47,CA,399401,ocean view school district (orange county),,,
48,MN,81333,independent school district no. 191,2707290,Burnsville-Eagan-Savage Schools,
49,CO,1237850,co durango school district no. 9-r,,,
50,NY,1268024,camden central school distict,,,
51,NY,1239046,hendrick hudson central school distist,,,
52,MN,1266214,independent school district no. 77,2718780,MANKATO PUBLIC SCHOOL DISTRICT ,
53,KY,1268477,oldham county board of education,,,
54,DE,1268447,william penn school district,,,
55,NM,225253,belen consolidated school district no. 2,,,
56,ID,224660,vallivue school disrict no 139,,,
57,NC,224938,nash board of education,,,
58,PA,228796,montgomery intermediate unit county,,,
59,VA,1265768,portsmouth public schools,,,
60,NY,82387,valley stream central high school dictrict,,,
61,MA,224387,acton-boxborough regional school distrct,,,
62,KS,1267756,unified school district no. 497,,,
63,VA,1266555,york county school division,,,
64,NE,35487,lancaster county school district no. 001,,,
65,KS,224315,unified school district no. 265,,,
66,KY,1238328,jefferson davis parish school board,,,
67,SC,41792,school district of edgefield county,,,
68,OR,1268415,canby school district,,,
69,MO,1265815,fort zumwalt school district,,,
70,MI,161813,ottawa area intermediate school district,,,
71,MO,35332,shelby county r-4 school district,,,
72,CA,1266171,lakeside union school district (san diego county),,,
73,NY,190610,city school district of the city of oneida,,,
74,NJ,1240227,lenape regional high school,,,
75,ND,36831,williston public school district no. 1,,,
76,OH,1268280,perrysburg exempted village school districgt,,,
77,SC,1268144,bamberg county school district,,,
78,ID,1239301,north shore schools district no. 112,,,
79,MA,105936,minuteman regional vocational technical school district,,,
80,PA,1268410,greater latrobe school district greater latrobe school district,,,
81,MN,282368,northeast metropolitan intermediate school district no. 916,2702264,NORTHEAST METRO 916,
82,GA,1265487,city of carrollton board of education,,,
83,NJ,225228,township of south brunswick school district,,,
84,OK,1268634,jenks public schools,,,
85,AL,1267565,ocean springs school district,,,
86,NM,1238952,new mexico public schools insurance authority,,,
87,SC,1239427,hampton county school district,,,
88,IL,1268796,glenbrook high school district 225,,,
89,MN,34893,independent school district no. 700,2713920,Hermantown Community Schools,
90,PA,1268129,bermudian spring school district,,,
91,MA,1268504,bristol-plymouth regional school district,,,
92,NY,1239140,valhalla union free school distrcit,,,
93,MA,282215,freetown-lakeville regional school districct,,,
94,NC,81661,board of education of beaufort county schools,,,
95,NC,1267949,marion county school district,,,
96,IL,1240491,north shore schools district no. 112,,,
97,PA,228910,westerm wayne school district,,,
98,NY,1239016,dobbs ferry union free school distrcit,,,
99,WI,1268214,chippewa falls area united school district,,,
100,NJ,1240222,township of montgomery school district,,,
101,NM,225302,west las vegas school district,,,
102,KS,1238297,unified school district no. 202 (kansas),,,
103,NY,40354,board of cooperative educational services first supervisory district of erie county,,,
104,MI,164405,bay-arenac independent school district,,,
105,MT,1268510,belgrade school district,,,
106,PA,1239361,knoch school district,,,
107,MN,196903,independent school district no. 22,2710230,Detroit Lakes Public School District,
108,NH,35574,governor wentworth regional school district,,,
109,MA,165763,cape cod regional technical high school district,,,
110,MA,1268610,greater lowell technical high school,,,
111,IL,1267725,school district of holmen,,,
112,NJ,1267387,township of ewing school district,,,
113,NY,1268070,whitney point central school district whitney point central school district,,,
114,KS,1267753,unified school district no. 308,,,
115,NY,1239014,delaware-chenango-madison-otsego boces,,,
116,NJ,168047,fort lee borough school district,,,
117,PA,87415,eastern lancaster county school distrcit,,,
118,NM,225279,new mexico early childhood education and care department,,,
119,VA,1267153,danville public schools,,,
120,MN,1240157,independent school district no. 115,2708070,Cass Lake-Bena School District,
121,PA,1240909,river valley school district,,,
122,MO,1267914,st. charles r-vi school district,,,
123,OR,1266034,union county school district no. 1,,,
124,ID,32699,kuna school district,,,
125,NY,1238976,alexandria central school,,,
126,FL,1240462,the florida school for the deaf and blind,,,
127,NY,225413,greenwich central school,,,
128,KS,1267773,unified school district no. 204 wyandotte county,,,
129,NY,64983,otsego-northern catskill boces,,,
130,KS,33510,usd 373-newton kansas,,,
131,WI,1239607,fox point/bayside school district,,,
132,SC,1268156,school district of lee county,,,
133,NY,225457,morisville-eaton central school district,,,
134,SC,1268157,saluda county school district saluda,,,
135,AL,1267566,pontotoc county school district,,,
136,NY,1268061,troy area school district,,,
137,CO,400401,wiggins school district re-50j,,,
138,MD,1267834,board of education of garrett county,,,
139,MN,282304,independent school district no. 2397,2718070,LE SUEUR-HENDERSON SCHOOL DISTRICT,
140,MA,1267016,southern berkshire regional school district,,,
141,MA,61623,martha's vineyard regional high school district,,,
142,SC,228963,denmark-olar school district no. 2,,,
143,OR,1268640,klamath falls city school district,,,
144,MN,81349,independent school district no. 829,2741880,Waseca School District,
145,MN,282312,independent school district no. 549,2728230,Perham-Dent School District,
146,KS,1267768,unified school district 368,,,
147,KY,1238344,whtley county school district,,,
148,VA,1265774,city of salem school division,,,
149,AZ,46159,lukachukai community school,,,
150,KS,1267766,unified school district 413,,,
151,MT,35402,whitefish public schools,,,
152,MT,1268515,whitefish school district,,,
153,SC,1268150,greenwood county school district number 52,,,
154,MN,282332,independent school district no. 2180,2700091,MACCRAY Public Schools,other name in acfr 
155,KS,1268686,unified school district 345,,,
156,MO,1267918,fort osage r-i school district,,,
157,KS,1239324,unified school district no. 446,,,
158,MN,1267903,independent school district 2180,2700091,MACCRAY Public Schools,other name in acfr 
159,NH,35582,mascoma valley regional school district,,,
160,NY,82339,orleans-niagara board of cooperative educational services,,,
161,WI,230602,cedar grove-belgium area school district,,,
162,NC,224908,"board of cooperative educational services genesee, livingston, steuben and wyoming counties",,,
163,SD,1268443,mitchell school district,,,
164,PA,87476,northeastern educational intermediate unit,,,
165,CA,1268340,contra costa county special education local plan area,,,
166,NC,1268367,lexington city board of education,,,
167,PA,1239835,the school district of jenkintown,,,
168,MN,282311,independent school district no. 548,2728170,Pelican Rapids School District ,
169,MA,34214,tri-county regional vocational technical school district,,,
170,NJ,1240057,greater egg harbor regional high school,,,
171,NY,1035011,northeast webutuck central school district,,,
172,MA,34204,mohawk trail regional school district,,,
173,MN,290648,independent school district no. 2134,2700005,United South Central School District,
174,WI,1268219,menominee area school district,,,
175,NY,1239247,cherry valley - springfield central school,,,
176,NC,1238755,clinton city board of education,,,
177,NM,82145,loving municipal schools,,,
178,KS,1267757,unified school district no. 418,,,
179,PA,1265786,school district of the borough of morrisville,,,
180,OR,1268128,philomath school district,,,
181,NY,1239072,mount pleasant cottage school union free school district,,,
182,OR,164428,lane educational service district,,,
183,MN,282270,independent school district no. 858,2733450,Saint Charles School District,
184,MN,1238629,independent school district no. 2902,2700294,RTR PUBLIC SCHOOLS,
185,NY,1239041,hartford central school,,,
186,ME,399543,maine school administrative district no. 28,,,
187,IL,398467,the city of lake forest school district no. 67,,,
188,ND,108446,kindred public school district,,,
189,IL,167533,special education district of lake county seja district no. 825,,,
190,CA,1268461,lakeside union school district (kern county),,,
191,MS,1035165,bay st. loius - waveland school district,,,
192,MN,1267874,independent school district no. 252,2707500,Cannon Falls Area Schools ,
193,MN,282264,independent school district no. 146,2703660,Barnesville Public School District,
194,KY,1267799,larue county school district,,,
195,MT,1240703,stevensville public school,,,
196,PA,38130,schuylkill intermediate unit no. 29,,,
197,AZ,44602,east valley institute of technology no. 401,,,
198,MN,1267902,independent school district 116,2713110,Cook County School District,
199,ME,290475,maine school administrative district no. 51,,,
200,MT,1267941,lewiston school district 1,,,
201,SC,1268146,barnwell county consolidated school district,,,
202,MN,282283,independent school district no. 227,2708220,Chatfield School District ,
203,MA,99071,pioneer valley regional school district,,,
204,MO,1267926,mehlville r-ix school district,,,
205,MN,282354,independent school district no. 2889,,,
206,PA,1035961,school district of the city of monessen,,,
207,MO,1267916,dunklin r-vi school district,,,
208,ID,1268296,mindoka joint school district no. 331,,,
209,MN,224836,independent school district no. 2904,2700326,TRACY AREA PUBLIC SCHOOL DISTRICT,
210,MO,41132,reorganized school district r-ii of cape girardeau county,,,
211,MN,1268694,st. paul city school,2700142,,
212,MN,282371,parnassus preparatory school,2700333,,
213,NE,108682,nebraska unified school district 1,,,
214,NC,1267951,whiteville city school,,,
215,KS,224288,unified school district no.115,,,
216,MN,228178,independent school district no. 182,2709750,CROSBY-IRONTON PUBLIC SCHOOL DIST.,
217,MN,1238609,independent school district no. 239,2728290,Rushford-Peterson School District,
218,MT,1268579,three forks public school,,,
219,MT,399714,three forks school district no. j-24,,,
220,MI,1238585,whiteford agricultural school district in the counties of monroe and lenawee,,,
221,NE,224988,summerland public schools,,,
222,VA,1265760,bristol city school board,,,
223,NJ,225084,caldwell-west caldwell board of education,,,
224,NM,326326,capitan municipal schools,,,
225,WI,230820,valders area school district,,,
226,NY,1238981,argyle central school,,,
227,VA,1267154,greensville county school board,,,
228,MN,282353,independent school district no. 2071,2791445,Lake Crystal-Wellcome Memorial School District,
229,NY,1239028,fort ann central school,,,
230,OR,1268121,intermounain educational service district,,,
231,MN,1267900,independent school district no. 485,3904454,Royalton School District,
232,PA,1268548,clarion limestone school district,,,
233,NJ,1239797,monmouth regional high school,,,
234,OR,1268261,estacada school district,,,
235,NH,1240594,amherst new hampshire school district,,,
236,MT,399710,lolo school district no. 7,,,
237,MI,224799,heritage southwest intermediate school district,,,
238,MN,1268366,intermediate school district no. 288,2700420,SouthWest Metro Intermediate District,
239,MN,282288,independent school district no. 173,2723010,Mountain Lake School District,
240,NJ,1239791,middlesex county vocational and technical high schools,,,
241,MN,282273,independent school district no. 741,2728140,Paynesville Area Schools,
242,MN,282296,independent school district 2364 - bbe,2700105,BELGRADE-BROOTEN-ELROSA SCHOOL DIST,
243,IL,398451,lake bluff schools district no. 65,,,
244,MN,282338,independent school district no. 2396 atwater cosmos grove city,,,
245,NC,1267945,florence county school district 2,,,
246,MA,1238454,shore educational collaborative,,,
247,NY,1268023,coudersport area school district,,,
248,MN,1267897,independent school district 741,2728140,Paynesville Area Schools,
249,AZ,1053255,parker performing arts school,,,
250,NJ,35795,township of west deptford school district,,,
251,TX,1268287,meridian world school,,,
252,MN,290646,independent school district no. 85,2733390,SPRINGFIELD PUBLIC SCHOOL DISTRICT,
253,WI,230750,school district of horicon,,,
254,NJ,1240085,swedesboro-woolwich consolidated school district,,,
255,NH,296200,hollis-brookline cooperative school district,,,
256,NY,82196,boces cattaraugus allegany erie and wyoming counties,,,
257,MN,282261,independent school district no. 2907 brewster,2700388,ROUND LAKE-BREWSTER PUBLIC SCHOOLS,
258,NY,1239121,st. regis falls central school district,,,
259,MT,1268577,livingston public schools,,,
260,IL,224167,north mac community unit school district no. 34,,,
261,MN,159803,independent school district no. 2143,2700013,WATERVILLE-ELYSIAN-MORRISTOWN,
262,MT,1240704,townsend school district,,,
263,MN,282343,independent school district no. 294,2714280,HOUSTON PUBLIC SCHOOL DISTRICT,
264,MT,400214,florence-carlton k-12 school district no. 15-6,,,
265,NM,225262,cloudcroft municipal schools,,,
266,MO,1267939,west plains r-vii school district,,,
267,ND,224969,grafton public school district no. 3,,,
268,IL,1267699,laraway community consolidated school district no. 70-c,,,
269,MA,48573,ralph c. mahar regional school district,,,
270,IA,1268407,oskaloosa community school distrcit,,,
271,MN,1239773,independent school district no. 2364,2700105,BELGRADE-BROOTEN-ELROSA SCHOOL DIST,
272,CA,1267589,greater anaheim special education local plan area,,,
273,WI,230598,cambellsport school distrcit,,,
274,OH,83712,medina county joint vocational school district,,,
275,WI,230782,school district of sevastopol,,,
276,NH,1268396,hillsboro-deering school district,,,
277,NY,225382,dalton-nunda central school district,,,
278,MN,290652,independent school district no. 2137,2700007,KINGSLAND PUBLIC SCHOOL DISTRICT,
279,NY,225359,"cattaraugus, allegany, erie, and wyoming counties",,,
280,NH,326298,barrington new hampshire school district,,,
281,MN,1238637,ogilvie school independent school district no. 333,2723970,OGILVIE PUBLIC SCHOOL DISTRICT,
282,MA,1265532,old colony regional vocational technical high school district,,,
283,KS,398488,unified school district no. 258,,,
284,MT,398570,bigfork public schools,,,
285,OR,1266628,corbett school district no. 39,,,
286,MN,1267878,independent school district 2168 - new richland elenda,2700089,NRHEG SCHOOL DISTRICT,
287,MN,34819,independent school district no. 129,2721320,MONTEVIDEO PUBLIC SCHOOL DISTRICT,
288,MA,224403,gateway regional school district,,,
289,MN,1238608,independent school district no. 23,2712360,FRAZEE-VERGAS PUBLIC SCHOOL DIST.,
290,NC,224942,north east preparatory school,,,
291,IL,1267739,monmouth-rosevile community unit school district no. 238,,,
292,ME,224486,regional school unit no. 26,,,
293,MT,224898,sch dst 8 yellowstone county,,,
294,MN,282383,independent school district no. 75,2733480,ST. CLAIR PUBLIC SCHOOL DISTRICT,
295,MN,282350,independent school district no. 775,2717120,KERKHOVEN-MURDOCK-SUNBURG,
296,NM,40492,central region educational cooperative no. 5,,,
297,ND,1211699,central cass public school district,,,
298,MA,942795,franklin county technical school district,,,
299,MN,282307,independent school district no. 2854,,,
300,MT,1268576,laurel public schools,,,
301,NM,1268622,cimarron muncipal school district,,,
302,KS,33492,unified school district no. 379,,,
303,MT,1268575,bigfork school district,,,
304,MN,1238621,independent school district no. 2910,2700480,Ada-Borup-West Public Schools,
305,MA,282216,hampshire regional school district,,,
306,WI,1239662,west iron county public schools,,,
307,KS,296159,unified school district no. 101,,,
308,WI,401177,school district of belleville,,,
309,VA,1265770,radford city school board,,,
310,NM,1238946,cimarron municipal school district no. 3,,,
311,MN,282306,independent school district no. 2835,2791451,JANESVILLE-WALDORF-PEMBERTON,
312,OK,1240817,thomas-fay-custer unified independent school district no. 1-07,,,
313,NM,44214,pueblo of laguna department of education,,,
314,AL,1268799,orange beach board of education,0103581,Orange Beach City,
315,MT,1240574,school district number no. 8,,,
316,KS,1268501,united school district no. 357,,,
317,ME,93960,regional school unit no. 64,,,
318,ME,1268674,regional school unit 10,,,
319,MT,224904,monforton school district,,,
320,PA,1239337,bethlehem area vocational-technical school,,,
321,MN,1238606,independent school district no. 2168,2700089,NRHEG SCHOOL DISTRICT,
322,MN,1267904,independent school district 740,2720550,MELROSE PUBLIC SCHOOL DISTRICT,
323,KS,224320,unified school district no. 362,,,
324,IL,1267710,"northwest suburban special education organization, seja no. 805",,,
325,MT,398575,somers school district,,,
326,NY,1268071,york central school,,,
327,ND,1267953,stanley public school district no. 1,,,
328,OH,1239202,urban community school,,,
329,NY,1268431,galeton area school district,,,
330,WI,99221,school district of weyauwega-fremont,,,
331,KS,224316,unified school district no. 287,,,
332,NJ,1240267,methuchen board of education,,,
333,MT,1268858,polson school district,,,
334,MA,224419,northern berkshire vocational regional school district,,,
335,ND,108405,beulah public school district,,,
336,KS,224319,unified school district no. 352,,,
337,MN,1240215,independent school district no. 424,2702640,LESTER PRAIRIE PUBLIC SCHOOL DIST.,
338,NJ,1268004,hunterdon central regional high school,,,
339,KS,583286,southern lyon county usd no. 252,,,
340,KS,224312,unified school district no. 206,,,
341,OK,1240787,mooreland independent school district no. 2,,,
342,IN,224263,cook county school district 130,,,
343,MT,64954,sidney school districts no. 1 & 5,,,
344,KY,224729,berea indepemdent school district,,,
345,NJ,1240628,roselle public schools,,,
346,OH,1268465,lynchburg clary local school district,,,
347,MN,282325,independent school district no. 763,2719320,MEDFORD PUBLIC SCHOOL DISTRICT,
348,KS,224330,unified school district no. 487,,,
349,WY,1268231,crook county school district 1,,,
350,GA,1266745,seminole county board of edcuation,,,
351,NY,1238977,alfred-almond central school,,,
352,PA,228915,williamsburg community school district,,,
353,MO,1267917,east prairie reorganized school district ii,,,
354,CO,1143199,la veta public schools,,,
355,IL,1267740,mount vernon township high school district 201,,,
356,MT,1266537,jefferson high school district no. 1,,,
357,NJ,1268003,hoboken public school,,,
358,CO,1268569,pikes peak board of cooperative educational services,,,
359,VT,230520,mount mansfield unified union school district,,,
360,WI,1268228,weyauwega-fremont school district,,,
361,KS,224285,unified school district no. 312,,,
362,OH,83659,maplewood career center,,,
363,MO,35198,cameron r-i school district,,,
364,MN,282341,independent school district no. 2890,2700163,Renville County West Schools,
365,MS,1268696,sidney school district no. 1 and 5,,,
366,MA,224416,nashoba valley technical high school,,,
367,NM,1240643,texico municipal schools,,,
368,NH,1238887,pemi-baker regional school district,,,
369,WI,230699,pardeeville area school district,,,
370,MN,290640,independent school district no. 881,2718810,MAPLE LAKE PUBLIC SCHOOL DISTRICT,
371,NC,1238743,alamance community school,,,
372,MT,1268509,arlee school district,,,
373,MN,1266242,independent school district no. 803,2742330,Wheaton Area Public School District,
374,CO,223935,montezuma county (dolores) school district re-4a,,,
375,KS,224310,unified school district no. 404,,,
376,MT,400503,roundup public school districts no. 55 and 55h,,,
377,NH,1265309,hollis school district,,,
378,WI,1239865,southwestern wisconsin community school district,,,
379,MT,1267940,glendive public schools,,,
380,IL,1238193,herscher communit unit school district no. 2,,,
381,NM,225290,southwest regional education cooperative no. 10,,,
382,IN,65297,lake ridge school corporation,,,
383,CO,64782,calhan school district rj-1,,,
384,MN,1238614,independent school district no. 195,2730150,Randolph School District,
385,MN,157060,independent school district no. 139,2732550,RUSH CITY PUBLIC SCHOOL DISTRICT,
386,OH,82567,belmont-harrison vocational school district,,,
387,ID,32724,fremont county school district 215,,,
388,MO,224844,blair oaks r-2 school district,,,
389,WI,1242950,wilmot union high school district,,,
390,MT,1268919,miles city public schools,,,
391,CO,1034701,baca county school district re-4,,,
392,MT,1268578,roundup public schools districts no. 55 and 55h,,,
393,KS,1238293,usd 337 - royal valley,,,
394,OH,1268716,greenbrier county board of education,,,
395,NH,1240596,haverhill cooperative school district,,,
396,WI,230595,brillion public schools,,,
397,WI,230628,school district of fall creek,,,
398,IL,224147,lincolnshire prairie-view school disitrct no. 103,,,
399,NY,1268625,bais esther school for girls,,,
400,IL,224123,galena unit school district no. 120,,,
401,OH,1268432,southern local school,,,
402,MN,1238624,independent school district no. 414,2721270,Minneota Public School District,
403,IL,1268355,dakota comm unit school district 201,,,
404,MN,282313,independent school district no. 550,2740830,UNDERWOOD PUBLIC SCHOOL DISTRICT,
405,MO,1267938,warren county school district r3,,,
406,MN,282285,cook county school dist 166,2713110,Cook County Public Schools ,
407,MN,1238597,independent school district no. 166,2713110,Cook County Public Schools ,
408,CA,146475,pacific union elementary school district (humboldt county),,,
409,IL,224070,boubonnais elementary school district no. 53,,,
410,KS,93936,unified school district no. 321,,,
411,MO,282439,ralls county r-2 school district,,,
412,MN,282326,independent school district no. 786,2705430,BERTHA-HEWITT PUBLIC SCHOOL DIST,
413,MN,282355,independent school district no. 857,2718090,Lewiston-Altura Public School Dist,
414,TX,1268173,cumby collegiate independent school district,,,
415,WI,1239643,school district of hartford joint no. 1,,,
416,PA,1266040,butler county area vocational-technical school,,,
417,MN,1267896,independent school district 2169,2700090,Murray County Central School District,
418,MN,988500,independent school district no. 2169,2700090,Murray County Central School District,
419,TN,1268744,green dot public schools tennesse,,,
420,WY,1268235,weston county school district no. one,,,
421,KS,1267767,unified school district 461,,,
422,WI,230734,school district of clear lake,,,
423,IL,1238345,community school district no. 140,,,
424,KS,224321,unified school district no. 389,,,
425,WI,1268223,school district of luck,,,
426,ID,224634,future public school,,,
427,ME,224475,maine school administrative district no. 32,,,
428,MT,398579,west valley public schools,,,
429,NH,54395,milton new hampshire school district,,,
430,KS,1240290,usd 400 - smoky valley,,,
431,IL,40326,lagrange area department of special education,,,
432,OR,86185,central linn school district no. 552c,,,
433,MS,1268438,dillon school district no. 10,,,
434,IL,1265315,river grove school district no. 85 ½,,,
435,ND,149722,four winds elementary school,,,
436,KS,1035808,unified school district no. 240,,,
437,KS,1267769,halstead-bentley unified school district no. 440,,,
438,VT,1268205,barre unified union school district,,,
439,MO,1267927,mountain view-birch tree r-iii school district,,,
440,MN,282328,independent school district no. 837,2718570,Madelia School District,
441,NY,1268368,bolivar-richburg central school,,,
442,WI,1239640,school district of eleva-strum,,,
443,MN,282308,independent school district no. 2903,2700328,Ortonville School District,
444,MN,167852,meeker and wright special education cooperative,2700045,MEEKER AND WRIGHT SPECIAL EDUCATION,
445,MT,224897,cut bank school dist. 15,,,
446,MN,1238607,independent school district no. 229,2717910,LANESBORO PUBLIC SCHOOL DISTRICT,
447,TX,44655,education service center region no. 6,,,
448,CA,1268917,banta unified school district,,,
449,CA,67628,new castle elementary,,,
450,ME,33942,regional school unit no. 80,,,
451,KS,224324,cimarron unified school district no. 102,,,
452,MN,1265904,independent school district no. 495,2713140,GRAND MEADOW PUBLIC SCHOOL DISTRICT,
453,ND,1268516,eight mile public school district n. 6,,,
454,FL,69527,learning gate community school,,,
455,WI,1239658,union grove joint school district no. 1,,,
456,IA,162893,central commuity school district,,,
457,SD,1240328,faulkton area schools district no. 24-4,,,
458,MT,1265958,school district no. 23,,,
459,OH,84386,southern hills joint vocational school district,,,
460,NY,1268032,giilbertsville-mount upton central school district,,,
461,MN,282303,independent school district no. 2342,2700104,WEST CENTRAL AREA,
462,OR,1268123,monroe school district,,,
463,MN,290644,independent school district no. 547,2728110,PARKERS PRAIRIE PUBLIC SCHOOL DIST,
464,KS,1238287,unified school district no. 408,,,
465,NM,1240642,hagerman municipal schools,,,
466,MS,1268778,white sulphur springs district no. 8,,,
467,IL,48310,momence community schools unit district no. 1,,,
468,WY,282978,niobrara county school district no. 1,,,
469,VT,1222174,north country union high school,,,
470,AK,1268746,yukon flats school district,0200775,,
471,KS,1268502,unified school district no. 307,,,
472,NH,1238888,plymouth school district,,,
473,KS,1267772,unified school district 483 kismet-plains,,,
474,ID,1267668,soda springs school district no. 150,,,
475,PA,38166,western area career & technology center,,,
476,KS,224309,unified school district no. 343,,,
477,AK,31588,lake and peninsula school district,0200485,,
478,WI,1240979,school district of prentice,,,
479,MT,1240575,eureka public schools,,,
480,WA,1266270,kennewick school district,,,
481,CA,146307,liberty elementary school district (tulare county),,,
482,KS,1267754,unified school district no. 410,,,
483,WI,230725,school district of auburndale,,,
484,MN,1267909,souther minnesota education consortium 6083-52,2700327,SOUTHERN MN EDUCATION CONSORTIUM,
485,CA,31693,modoc county office of education,,,
486,MN,1238647,independent school district no. 577,2742750,WILLOW RIVER PUBLIC SCHOOL DISTRICT,
487,ME,224488,maine school administrative no. 23,,,
488,KS,1267764,unified school district 249,,,
489,MN,64936,south central service cooperative,2700080,Region 9-South Central Service Coop,
490,PA,1239355,erie county technical school,,,
491,KS,282190,unified school district no. 315,,,
492,ND,1268700,new england plubic school district no. 9,,,
493,ME,1036655,boothbay boothbay harbor community school district,,,
494,NH,1035600,wakefield new hampshire school district,,,
495,MT,399706,conrad public schools,,,
496,ID,224656,soda springs joint school district no. 150,,,
497,OH,1268717,logan county board of education,,,
498,MT,1268512,eureka school district,,,
499,FL,1266511,idea hope and victory,,,
500,ND,108502,velva public school district no. 1,,,
501,WA,1265396,catalyst public schools,,,
502,KS,224318,unified school district no. 331,,,
503,CA,146800,woodville union school district,,,
504,ME,1267841,maine school administrative district no. 23,,,
505,ND,108494,surrey public school district,,,
506,KS,224325,unified school district no. 215,,,
507,MN,282271,independent school district no. 308,2723370,NEVIS PUBLIC SCHOOL DISTRICT,
508,MT,1266225,plentywood school district no. 20,,,
509,WI,1239652,silver lake joint no. 1 school district,,,
510,WY,1268230,big horn county school district 3,,,
511,WI,1239664,wheatland joint no. 1 school district,,,
512,WY,1239681,uinta country school district no. 6,,,
513,NJ,225085,cape may county technical school,,,
514,CA,1268918,woodville elementary school district,,,
515,ND,108432,hatton eielson public school district no. 7,,,
516,ID,224650,mosaics public school,,,
517,IL,224215,spring valley elementary ccsd no. 99,,,
518,WI,296547,school district of lafarge,,,
519,CA,67602,mount shasta union elementary school district,,,
520,ID,224651,murtaugh school district,,,
521,AR,1027289,marmaduke school district no. s-2,0500016,,
522,NJ,1238908,kittatinny regional high school,,,
523,MT,1266222,belt school district no. 29 & 29d,,,
524,KS,1265365,unified school district no. 288,,,
525,NH,1265360,alton school district,,,
526,CO,919249,miami‐yoder school district jt60,,,
527,ID,399354,st. maries joint school district no. 41,,,
528,MN,1238600,independent school district no. 2536,2713040,Granada Huntley-East Chain School District,
529,MO,1268916,warsaw r-ix school district,,,
530,CA,1268871,pacific union elementary school district (fresno county),,,
531,SD,1208859,groton area school district 06-6,,,
532,KS,1267771,unified school district 436,,,
533,IL,1238209,cook county school district no. 92,,,
534,KS,1267775,unified school district number 494,,,
535,MN,1238610,independent school district no. 487,2740860,Upsala School District,
536,IL,224112,east dubuque unit school district no. 119,,,
537,MT,399713,superior public schools,,,
538,IL,1267732,vermilion county school district no. 2 bismarck-henning,,,
539,TX,1239522,petrolia consolidated lndependent school district,,,
540,MO,282403,canton r-5 school district,,,
541,NJ,225215,sterling high school district,,,
542,MT,1265588,baker public schools,,,
543,MN,282300,independent school district no. 2534,2705660,Bird Island-Olivia-Lake Lillian Public School District ,
544,MO,65409,benton county r-1 school district,,,
545,MN,1238593,independent school district no. 2159,2700023,Buffalo Lake-Hector-Stewart Public School District,
546,MO,1267912,charleston r-i school district,,,
547,IL,224066,black hawk area special education district no. 865,,,
548,MT,1268082,box elder school distric 13&g,,,
549,OR,87115,helix school district no. 1r,,,
550,NM,57938,isleta elementary school,,,
551,ME,1268776,regional school unit 29,,,
552,MO,282447,southern reynolds county. r-2 school district,,,
553,LA,1238363,bushnell-prairie city community unit school district no. 170,,,
554,ND,1268779,oakes public schools,,,
555,NY,1268038,la salle school,,,
556,ME,1265704,regional school unit no. 29,,,
557,KS,224308,unified school district no. 247,,,
558,MO,282445,sherwood cass r-8 school district of cass county,,,
559,MT,224896,clinton elementary school district no. 32,,,
560,ND,108431,harvey public school district,,,
561,ME,33926,maine school administrative district no. 27,,,
562,VT,230524,northern mountain valley unified union school district,,,
563,IA,163215,south o’brien community school district,,,
564,MT,398576,target range public school,,,
565,MT,1035597,lodge grass school district no. 27 & 2,,,
566,NH,1266641,northumberland school district,,,
567,MN,282298,independent school district no. 2898,2700183,WESTBROOK-WALNUT GROVE SCHOOLS,
568,ND,224972,lake region special education district,,,
569,MT,326274,malta public school district no. 14a,,,
570,WI,1268224,school district of marathon city,,,
571,ND,224973,may-port cg public school district no. 14,,,
572,KY,224756,science hill independent school district,,,
573,MO,1267929,oak ridge r-vi school,,,
574,ME,1267840,maine school administrative district no. 59,,,
575,UT,1035255,grand canyon unified school district no. 4,,,
576,SC,1240932,gates school,,,
577,NJ,1238906,high point regional high school,,,
578,KS,1239325,unified school district no. 374,,,
579,MO,224874,tipton r-6 school district,,,
580,NJ,1240612,east hanover townhip board of education,,,
581,CT,1266094,town of scarborough school department,,,
582,WI,230640,gillett school district,,,
583,KS,398489,unified school district no. 366,,,
584,MT,1268513,target range school district,,,
585,MO,282436,osage county no. 2 school district,,,
586,MT,1035432,plains public schools,,,
587,ME,224478,maine school administrative district no. 20,,,
588,ME,399540,five town community school district,,,
589,IN,107803,rush county school corporation,,,
590,MT,398577,thompson falls public schools,,,
591,ND,224978,sheyenne valley special education unit,,,
592,ND,224976,northern cass public school district,,,
593,ID,42017,cossa academy school district no. 555,,,
594,CA,145887,alview-dairyland union school district,,,
595,KS,1238301,unified school district no. 109,,,
596,KS,224307,unified school district no. 246,,,
597,MT,1268514,thompson falls school district,,,
598,IL,1267675,carbondale elementary school,,,
599,MT,1266227,scobey school district no. 1,,,
600,MT,35388,lodge grass school district no 27 and 2,,,
601,MT,326275,school district no.1 deer lodge elementary,,,
602,WI,401162,kickapoo area school district,,,
603,WI,230658,hurley school district,,,
604,OK,147049,depew public schools,,,
605,IN,66441,south putnam community school corporation,,,
606,ME,224481,regional school unit no. 70,,,
607,KS,1267770,unified school district 218,,,
608,WI,1239660,walworth joint no. 1 school district,,,
609,IL,42094,casey-westfield community unit school district c-4,,,
610,IL,224148,lindop school district no. 92-cook county no 92,,,
611,NJ,1240306,mount ephraim school district,,,
612,MO,81475,johnson county r-7 school district,,,
613,IL,1265884,west harvey dixmoor school district no. 147,,,
614,KS,1268665,unified school district no. 270,,,
615,ID,50110,west side school district no. 202,,,
616,MO,1238666,delta r-5 school district,,,
617,NJ,1238928,sussex county technical school,,,
618,ME,1267839,maine school administrative district no. 4,,,
619,MO,1238717,sweet springs r-7 school district,,,
620,ME,224477,mount desert island consolidated school district,,,
621,ME,224473,maine school administrative district no. 63,,,
622,ND,108552,james river special education cooperative,,,
623,IL,32892,community unit school district no. 1,,,
624,ID,224633,school district no. 59,,,
625,MT,296174,whitehall public schools,,,
626,MT,398572,darby public schools,,,
627,ME,224472,maine school administrative district no. 31,,,
628,AZ,1267168,peach springs unified school district no. 8,,,
629,MT,1266223,custer school district no. 15,,,
630,CA,67469,lakeside union elementary school district hanford,,,
631,CO,398330,aguilar school district re-6,,,
632,ID,224659,valley school district,,,
633,MT,35416,heart butte school district no. 1,,,
634,MT,296172,bonner public school,,,
635,MT,1268511,deer lodge elementary school district 1,,,
636,KS,224313,unified school district no. 251,,,
637,KS,1267774,unified school district number 452,,,
638,IL,1267670,alsip hazelgreen oak lawn school district 126,,,
639,KS,1267765,unified school district no. 349,,,
640,CT,68357,regional supervision district board of education,,,
641,OH,400073,euclid preparatory school,,,
642,MT,398831,harlowton school district no. 16,,,
643,MT,1268698,bonner elementary school,,,
644,WI,1239647,school district of rib lake,,,
645,CA,67708,pioneer union school district (el dorado county),,,
646,WI,1268220,minocqua joint 1 school distric,,,
647,WI,230587,bangor school district,,,
648,MS,224887,school district of university city,,,
649,OK,1240236,pond creek-hunter school district no. 1-90,,,
650,MN,167796,area special education cooperative council no. 997,2700050,,
651,CO,1266876,san juan county school district no. 1,,,
652,OK,147102,garber school district no. 1-47 1/2,,,
653,MO,1267928,norwood r-i school district,,,
654,OK,1239822,glencoe school district no. 60-1101,,,
655,ND,65583,oliver-mercer multidistrict special education unit,,,
656,ME,1268775,indian township passamaquoddy school committee,,,
657,IL,400485,champaign and ford counties regional office of education no. 9,,,
658,IL,483849,henderson-knox-mercer-warren regional office of education no. 33,,,
659,IN,109886,northwest hendricks school corporation,,,
660,KS,1240513,unified school district no. 107,,,
661,MT,35419,bitterroot valley education cooperative,,,
662,WY,230881,sheridan economic and educational development authority joint powers board,,,
663,MN,282378,runestone area education district no. 6014,2700016,Runestone Area Education District,
664,WI,296546,new lisbon school district,,,
665,ME,399541,great salt bay community school district,,,
666,MT,1266386,school district no. 58,,,
667,MT,1036683,pryor school district no. 2 & 3,,,
668,WI,1239663,weston school district,,,
669,MT,399705,chester-joplin-inverness school district no. 48-1j & 48-2j,,,
670,MO,1238695,maries county r-1 school district,,,
671,WI,1240353,randall consolidated school joint district no. 1,,,
672,MO,1267931,oregon howell r-iii school district,,,
673,SD,1239839,newell school district,,,
674,MT,1266670,sun river valley school district,,,
675,VT,230537,white river unified school district,,,
676,SD,1266258,selby area school district no. 62-5,,,
677,VT,401078,windsor central unified union school district,,,
678,MA,1238442,knob noster r-viii school district,,,
679,KS,1267759,peabody-bums unified school district no. 398,,,
680,SD,1268442,hill city school district,,,
681,IL,105453,henderson mercer and warren counties regional office of education 33,,,
682,IL,399583,regional office of education no. 17,,,
683,CA,145970,buena vista elementary school district,,,
684,KS,1268395,unified school district 256,,,
685,WI,1268217,joint school district no. 1 - arbor vitae and woodruff,,,
686,MI,1267854,michigan online school,,,
687,IL,224085,century unit school district no. 100,,,
688,NJ,1268831,paul robeson chater school for the humanities,,,
689,OK,147413,oklahoma connections academy school district no. z-003,,,
690,MS,1238728,lincoln school district no. 38,,,
691,MT,1265956,lone rock public school,,,
692,IL,47504,kildeer countryside consolidated school district no. 96,,,
693,ME,224465,deer isle - stonington community school district,,,
694,MO,1238651,bell city r-2 school district,,,
695,WI,1239636,potosi school district,,,
696,MT,1268813,bitterroot valley special education cooperative,,,
697,IL,1266452,martinsville community unit school district c-3,,,
698,MT,1268276,lincoln school district no. 38,,,
699,MO,35252,laclede county r-1 school district,,,
700,IL,1267718,princeton township high school,,,
701,OK,1268588,heir force community school,,,
702,WV,1268229,the education alliance-business and community for public schools inc.,,,
703,MO,1267920,greenville r-ii school district,,,
704,RI,1268592,beacon charter school corporation,,,
705,WI,230785,school district of shiocton,,,
706,IN,65447,yorktown community schools,,,
707,WI,1240352,minocqua joint no.1 school district,,,
708,NJ,1238939,warren county vocational technical school,,,
709,ME,224489,regional school unit no. 89,,,
710,VA,153842,shenandoah valley regional program special education,,,
711,NE,225007,verdigre public school,,,
712,MO,1268246,reorganized school district no iv of bates county,,,
713,NJ,1240614,township of greenwich school district,,,
714,MN,103115,educational cooperative service unit of the metropolitan twin cities area,,,
715,CA,67874,sierra county office of education,,,
716,ND,1238817,rolette public school district,,,
717,WI,1268417,pecatonica area school,,,
718,MO,1238696,marion c. early r-5 school district,,,
719,NM,225269,high plains regional education cooperative no. 3,,,
720,OK,99155,crutcho dependent school district no. 74,,,
721,IL,33119,brooklyn unit school district no. 188,,,
722,MA,1240293,greenfield commonwealth virtual school,,,
723,WI,1239641,school district of elkhart lake-glenbeulah,,,
724,CA,146578,round valley joint elementary school district,,,
725,MO,1267936,stanberry r-ii school district,,,
726,WI,1265294,yorkville joint no. 2 school district,,,
727,NJ,1265851,borough of merchantvile school district,,,
728,WI,230641,school district of gilman,,,
729,MN,65280,independent school district no. 25,2728960,PINE POINT PUBLIC SCHOOL DISTRICT,
730,ME,224474,maine school administrative district no. 24,,,
731,MO,224861,iberia r-5 school district,,,
732,IL,1239734,odin public school district no. 722,,,
733,MT,44899,central montana learning resource center cooperative,,,
734,WI,1268806,school district of drummond,,,
735,VT,401076,derby school district,,,
736,MO,1238705,pettis county r-5 school district,,,
737,WI,1240201,school district of wausaukee,,,
738,MN,1267906,northwest suburban integration school district,2700195,N.W. Suburban Integration District,
739,ME,224479,maine school administrative district no. 33,,,
740,MT,1268697,ashland school district 32j,,,
741,WI,230619,drummond area school district,,,
742,OR,1268124,mitchell school district,,,
743,ID,224640,hansen school district,,,
744,MT,44508,ashland school district no. 32j,,,
745,WI,1239614,joint school district no. 1,,,
746,OH,1265622,dampe community school,,,
747,MO,282431,new haven school district no. 138,,,
748,MA,1268243,greater commonwealth vitual school,,,
749,IL,1266509,st. clair county regional office of education no. 50,,,
750,IL,1267679,cowden-herrick community unit  school district no. 3a,,,
751,IL,1238351,pontiac-william holliday school district no. 105,,,
752,CA,1268454,plainsburg elementary school district,,,
753,MT,1268810,vaughn public schools,,,
754,VT,230502,cambridge town school district,,,
755,IN,1268437,western wayne school corporation,,,
756,WI,1240978,school district of mellen,,,
757,MT,1268412,pricky pear special education cooperative,,,
758,OK,147200,insight school of oklahoma school district no. z-004,,,
759,IL,1035777,lasalle and dekalb counties communit unit school district no. 1,,,
760,NJ,1268313,westville borough school district,,,
761,ME,399547,town of bristol school department,,,
762,OK,400172,howe public schools,,,
763,WI,230745,school district of granton,,,
764,ME,224480,maine school administrative district no. 42,,,
765,OK,1240708,allen-bowden dependent school district no. 35,,,
766,ME,400496,maine school administrative district no. 8,,,
767,ME,224476,maine school administrative district no. 45,,,
768,WI,230672,marion school district,,,
769,OK,1239825,okay independent school district no. 73-1001,,,
770,OR,87123,ukiah school district no. 80r,,,
771,IN,65286,northeast school corporation,,,
772,MT,399775,potomac school district 11,,,
773,MO,1268336,st. clair county r-ii school district of appleton city,,,
774,MT,65809,flathead county special education cooperative,,,
775,ND,108478,oakes public school district,,,
776,IN,1265701,lawrence county independent schools,,,
777,ME,224487,maine school administrative di,,,
778,SD,43360,pahin sinte owayawa porcupine school,,,
779,MO,35290,pike county r-3 school district,,,
780,CA,67707,pioneer union school district (butte county),,,
781,UT,1239545,moab community school,,,
782,IL,74472,will county regional office of education no. 56,,,
783,CA,67613,mt baldy joint elementary,,,
784,ND,108563,south valley multi-district special education unit,,,
785,KS,224302,three lakes educational cooperative,,,
786,CA,145941,big sur unified school district,,,
787,MI,1267860,covenant high school grand rapids,,,
788,IL,1265712,regional office of education no. 11,,,
789,OH,398799,buckeye community school,,,
790,WI,1240980,seneca area school district,,,
791,IL,1266451,county of union school district no. 43,,,
792,OK,1240855,woodall school district no. co21,,,
793,ME,1265843,maine school adminstrative district no. 19,,,
794,MO,1266160,northeast vernon county r-1 school district,,,
795,AR,1036892,dermott special school district,0505170,,
796,IL,1238240,"pleasant hill grade school, district no. 69",,,
797,AL,1266413,legacy schools,0100201,,
798,OK,400142,buffalo valley public school district i-3,,,
799,IL,1266453,"bureau, henry, and stark counties regional office of education no. 28",,,
800,SD,1266254,plankinton school district no. 01-1,,,
801,OK,400179,kipp okc public school district no. e-012,,,
802,MT,43164,great divide education services,,,
803,OR,1268862,central school district,,,
804,ME,1265779,regional school unit no. 84,,,
805,WI,1240203,laona school district,,,
806,MO,1035836,ballard r-11 school district of bates county,,,
807,OH,225872,george v. voinovich high school,,,
808,IN,1268573,salem community school corporation,,,
809,ND,1239712,lonetree special education unit,,,
810,OR,86424,mount angel school district 91,,,
811,IL,1268498,mendota high school district no. 280,,,
812,OK,1240745,grandview school,,,
813,OK,166751,kipp tulsa public school district no. e-005,,,
814,MI,161559,"haynor school, easton township school district no. 6",,,
815,OK,1266550,asher public schools,,,
816,OH,1240693,akron career tech high school,,,
817,AZ,57875,keams canyon elementary school,,,
818,AZ,93598,"wide ruins community school, inc.",,,
819,NM,82134,"ch'ooshgai community school board of education, inc",,,
820,OK,147180,holly creek public schools c-72,,,
821,WA,1265862,kalama school district,,,
822,ND,108548,burleigh county multi-district special education unit,,,
823,IL,1239729,career education associates of north central illinois,,,
824,IL,150820,lasalle marshall and putnam counties regional office of education 35,,,
825,ME,224491,maine regional school unit no. 84,,,
826,AR,98673,dollarway school district no. 2,,,"The Dollarway School District (District), as of December 10, 2015, is under the control of the Arkansas Division of Elementary and Secondary Education. The local school board was dissolved as of that date. There are no component units."
827,IL,1267720,raccoon consolidated school district 1,,,
828,IL,1267680,depue unit school district no. 103,,,
829,OR,190996,wahtonka community school,,,
830,AZ,46736,"naatsis’aan community school, inc.",,,
831,AR,1036914,emerson-taylor-bradley school district,0500068,,
832,CA,67409,jefferson elementary school district san benito county,,,
833,OK,398892,deborah brown community school district no g001,,,
834,MO,1267935,south iron county r-i school district,,,
835,ME,224466,easton school department,,,
836,OK,282676,dahlonegah school district no. co29,,,
837,TN,1268266,prep public schools - chattanooga,,,
838,OK,1239285,western gateway elementary school district no. e-026,,,
839,ND,1268701,north central education cooperative,,,
840,KS,224283,east central kansas cooperative in education,,,
841,OK,1239273,interlocal cooperative school district no. 57-k001,,,
842,WI,1239649,school district of shullsburg,,,
843,OK,326248,tri-county interlocal county-op school district no. k-001,,,
844,WA,89224,pateros school district no 122-70j,,,
845,OH,1268585,tri-state stem+m school,,,
846,MO,398561,new bloomfield school district,,,
847,AZ,66951,greasewood springs community school inc,,,
848,IL,1238252,seneca c.c.g.s. district no. 170,,,
849,SD,1239840,north central special education cooperative,,,
850,IL,40891,tri-county special education joint agreement,,,
851,OK,1266551,greenville public schools,,,
852,MI,1091497,prepnet virtual school,,,
853,WI,1268227,westosha central high school,,,
854,OH,83288,harrisburg pike community school,,,
855,MO,99092,calhoun r-8 school district,,,
856,WA,88964,cle elum-roslyn school district no. 404,,,
857,KS,48557,north central kansas special education cooperative interlocal 636,,,
858,MO,282438,poplar bluff r-1 school district,,,
859,OK,227892,oklahoma information & technology school district no. z-007,,,
860,IL,46584,iroquois and kankakee counties regional office of education no. 32,,,
861,TN,107403,tennessee school for the blind - internal school fund,,,
862,OK,147201,interlocal cooperative school district k-001 seminole county,,,
863,LA,1196350,lasalle parish school board - school activity accounts,,,
864,PA,1266073,union county higher educational facilities financing authority,,,
865,MO,224856,glenwood r-8 school district,,,
866,MO,1267933,southland consoldiated school district no. c-9,,,
867,KS,1267755,interlocal no. 607 tri-county special education cooperative,,,
868,IL,40489,south eastern special education,,,
869,TN,229399,tennessee school for the deaf internal school funds,,,
870,IL,42100,lake county area vocational system,,,
871,IL,41425,career development system,,,
872,IN,199998,south harrison community school corporation,,,
873,MO,190080,barton county r-1 school district,,,
874,NE,1265866,antelope county school district no. 9,,,
875,NE,1238869,harvard school district no. 18-0011,,,
876,NE,1238862,laurel-concord-coleridge school district no. 54,,,
877,NE,197966,mccool junction school district no. 83,,,
878,NE,1238870,north bend school district no. 27-0595,,,
879,NE,109398,palmyra school district or-1,,,
880,MI,161439,arenac eastern school district,,,
881,NE,108893,school district no. 85-2001 of davenport,,,
882,ND,1267171,south central prairie special education unit,,,
883,IL,400465,"franklin, johnson, massac, and williamson counties regional office of education no. 21",,,
884,IL,400464,pleasant valley school dist. no. 62,,,
885,IN,170639,metropolitan school district of southwest allen county,,,
886,IN,109893,m.s.d. warren township school corporation,,,
887,IN,1206881,northwestern consolidated school district of shelby county,,,
888,IN,65311,west clark community schools,,,
889,IN,399500,silver creek school corporation,,,
890,IN,109874,springs valley community school corporation,,,
891,KS,1265681,unified school district no. 473,,,
892,KS,224311,unified school district no. 483,,,
893,KS,224322,unified school district no. 492,,,
894,KS,282189,unified school district no. 504,,,
895,KS,224286,usd 415 - hiawatha,,,
896,KS,290043,unified school district 237,,,
897,KS,224278,unified school district no. 112,,,
898,KS,224326,minneapolis unified school district no. 239,,,
899,KS,33524,northwest kansas educational service center interlocal district no. 602,,,
900,KS,1036648,unified school district no. 203,,,
901,KS,224303,unified school district no. 235,,,
902,KS,224314,unified school district no. 254,,,
903,KS,282192,unified school district no. 286,,,
904,KS,33512,unified school district no. 337,,,
905,KS,224292,unified school district no. 341,,,
906,KS,224295,unified school district no. 376 sterling,,,
907,KS,1036335,unified school district no. 393,,,
908,KS,398827,unified school district no. 417,,,
909,KS,399507,unified school district no. 436,,,
910,KS,224329,unified school district no. 460,,,
911,ME,1266093,town of scarborough school department,,,
912,AR,229625,prairie county board of education,,,
913,WA,103211,willapa valley school district no. 160,,,
914,MO,224848,clinton county r-3 school district,,,
915,MO,398546,cole county r-v school district,,,
916,MO,224852,dade county school district r-i,,,
917,WA,1036027,ritzville school district no. 160,,,
918,MO,49460,fair play r-2 school district,,,
919,MO,224860,hickman mills c-1 school dstrict,,,
920,ND,108557,northern plains special education unit,,,
921,MO,282430,nell holcomb r-4 school district,,,
922,MO,282444,scott county central school district,,,
923,OK,1267128,johnston county educational facilities authority,,,
924,OH,83625,madison champaign educational service center,,,
925,KS,1238295,usd 430 - south brown county,,,
926,OH,1266482,crestview local school disrict,,,
927,IN,1238836,cannelton city school corporation,,,
928,IL,1265795,kane county regional office of education no. 31,,,
929,IN,1265286,metropolitan school district of boone township,,,
930,IL,1265864,regional office of education no. 1,,,
931,IL,1240212,regional office of education no. 3,,,
932,IN,189638,rising sun-ohio county community school corporation,,,
933,IN,200004,southwestern consolidated school district of shelby county,,,
934,KS,1240697,chetopa - st paul unified school district no. 505,,,
935,KS,1239747,marion county special education cooperative,,,
936,KS,1239750,unified school district no. 272,,,
937,KS,1238299,unified school district no. 355 ellinwood,,,
938,KS,1266731,unified school district no. 463,,,
939,KS,1240515,unified school district no. 471,,,
940,KS,1238300,usd 289 - wellsville,,,
941,KS,1238838,usd 306 - southeast of saline,,,
942,OK,1265758,love county educational facilities authority,,,
943,OK,1266310,okfuskee county educational authority,,,
944,MO,1238665,delta consolidated school district no. 7,,,
945,MO,99098,reorganized school district no. r-4 of lincoln county,,,
946,ND,1266698,horsecreek public school district,,,
947,ND,1266699,naughton school district,,,
948,MO,1238711,st. charles public school,,,
949,ND,1266700,sterling public school district,,,
950,MO,1238722,wellsville-middletown r-1 school district,,,
951,WA,1265810,loon lake school district no. 183-43j,,,
952,WA,1265343,toutle lake school district,,,
953,NM,35956,magdalena municipal schools,,,
954,NJ,1268006,montvale public schools,,,
955,NM,1268014,four corners regional educational cooperative 1,,,
956,NV,1268017,imagine school at mountain view,,,
957,OK,1268089,ada school district,,,
958,PA,1268132,jefferson county-dubois area vocationalctechnical school,,,
959,IL,1268265,joppa-maple grove unit school district 38,,,
960,MO,1268307,south harrison r-ii school district,,,
961,NY,1268319,andover central school,,,
962,OK,1268321,adair school district,,,
963,OK,1268322,byng school district,,,
964,OK,1268323,colbert school district,,,
965,OK,1268324,mcalester school district,,,
966,OK,1268325,mccurtain school district,,,
967,OK,1268326,owasso school district,,,
968,OK,1268327,quapaw school district,,,
969,OK,1268328,salina school district,,,
970,OK,1268329,savanna school district,,,
971,OK,1268330,stigler school district,,,
972,OK,1268331,tecumseh school district,,,
973,OK,1268344,holdenville school district,,,
974,OK,1268345,whitesboro school district,,,
975,IL,1267743,rochelle township high school district no. 212,,,
976,NC,1267948,mithcell county board of education,,,
977,NE,1267966,north bend junior-senior high school district 95,,,
978,NJ,1267996,northern burlington regional school district,,,
979,IL,32903,general george patton school district no. 133,,,
980,NM,82142,jemez mountain school district no. 53,,,
981,IL,1265333,rock island county regional office of education no. 49,,,
982,IL,1266450,cobden school unit district no. 17,,,
983,KS,1266404,unified school district no. 372,,,
984,OK,1266552,white rock public schools,,,
985,OK,148785,peggs school district,,,
986,KS,1240514,unified school district no. 325,,,
987,KS,1239749,unified school district no. 494,,,
988,KS,1238302,usd 454 - burlingame,,,
989,OK,146925,cameron public schools,,,
990,OK,159828,dickson public schools,,,
991,IN,107774,northwestern consolidated school corporation,,,
992,IN,399486,borden-henryville school corporation,,,
993,NY,1268022,chatham central school dostrict,,,
994,NY,1268041,menands union free school,,,
995,NY,1268067,west valley central school disrict,,,
996,OK,1268090,anadarko public schools,,,
997,OK,1268091,atoka public schools,,,
998,OK,1268092,berryhill school district,,,
999,OK,1268093,bokoshe public schools,,,
1000,OK,1268095,calvin public schools,,,
1001,OK,1268096,canadian public schools,,,
1002,OK,1268099,edmond school district,,,
1003,OK,1268100,eufaula public schools,,,
1004,OK,1268101,fletcher public schools,,,
1005,OK,1268102,geary public schools,,,
1006,OK,1268103,grove public schools,,,
1007,OK,1268104,hinton public schools,,,
1008,OK,1268105,hollis public schools,,,
1009,OK,1268106,hooker public schools,,,
1010,OK,1268107,liberty school district,,,
1011,OK,1268109,perkins-tryon public schools,,,
1012,OK,1268111,skiatook public schools,,,
1013,OK,1268112,talihina public schools,,,
1014,OK,1268114,valliant public schools,,,
1015,OK,1268115,vian school district,,,
1016,OK,1268116,weleetka school district,,,
1017,OR,1268120,fall city school district no. 57,,,
1018,OR,1268127,neah-kah-nie school district,,,
1019,PA,1268141,warren county school disctrict,,,
1020,TN,1268165,robertson county school nutrition,,,
1021,TX,1268166,paris independent school distirct,,,
1022,TX,1268168,rocketship public schools texas,,,
1023,TX,1268176,education potential verified,,,
1024,TX,1268177,hamlin collegiate independent school district,,,
1025,TX,1268181,new diana independent school districts,,,
1026,TX,1268182,pecos-bartow-toyah independent school district,,,
1027,TX,1268183,quitman independent school disstrict,,,
1028,TX,1268184,rockport-fulton independent school district,,,
1029,TX,1268192,rocketship public schools,,,
1030,VT,1268206,rivendell interstate school district,,,
1031,NY,1268248,rush henrietta community school district,,,
1032,OK,1268253,morris school district,,,
1033,OK,1268257,chouteau-mazie school district,,,
1034,OK,1268259,kansas school district,,,
1035,OK,1268260,maryetta school district,,,
1036,TN,1268267,prep public schools,,,
1037,OK,1268285,krebs school district,,,
1038,NY,1268291,phelps clifton springs school,,,
1039,NM,1268314,aztec municipal school district no. 2,,,
1040,NY,1268372,honoeye falls-lima school district,,,
1041,OK,1268373,cache school district,,,
1042,OK,1268374,velma-alma school district,,,
1043,OK,1268375,whitefield school district,,,
1044,OK,1268400,ketchum school district,,,
1045,OK,1268401,red oak school district,,,
1046,OK,1268408,crescent public schools,,,
1047,OK,1268409,flower mound public schools,,,
1048,OK,1268413,caney school district,,,
1049,OK,1268414,locust grove school district,,,
1050,OK,1268636,kellyville public schools,,,
1051,OK,1268433,comanche school district,,,
1052,OK,1268457,dewar school district,,,
1053,OK,1268466,silo public schools,,,
1054,OK,1268467,tushka public school,,,
1055,OK,1268479,vinita public schools,,,
1056,OK,1268481,jay public schools,,,
1057,OK,1268482,miami public schools,,,
1058,NV,1268524,after school all-stars las vegas,,,
1059,NY,1268532,seneca highlands intermediate unit nine of education,,,
1060,OH,1268533,carey exempted village school distrct,,,
1061,OK,1268536,fairland public schools,,,
1062,OK,1268538,gore public schools,,,
1063,OK,1268540,kingston public schools,,,
1064,OK,1268541,moore public schools,,,
1065,OK,1268542,navajo independent school district no. 01,,,
1066,OK,1268543,pryor public schools,,,
1067,OK,1268544,sequoyah public schools,,,
1068,OK,1268545,tonkawa public schools,,,
1069,OR,1268546,holla school,,,
1070,PA,1268551,iroquois area school district,,,
1071,RI,1268556,international charter school corporation,,,
1072,NY,1268581,cardinal mccloskey school and home for children,,,
1073,OK,1268589,keota public schools,,,
1074,OK,1268590,oologah-talala public schools,,,
1075,OK,1268591,wagoner public schools,,,
1076,OK,1268629,calera public schools,,,
1077,OK,1268632,hugo public schools,,,
1078,OK,1268633,indiahoma public schools,,,
1079,OK,1268635,jones public schools,,,
1080,OK,1268638,perry public schools,,,
1081,OK,1268639,yukon school district,,,
1082,OK,1268719,drumright public schools,,,
1083,OK,1268720,frederick public schools,,,
1084,OK,1268724,kinta public schools,,,
1085,OK,1268725,lane public schools,,,
1086,OK,1268726,little axe public schools,,,
1087,OK,1268727,maud public schools,,,
1088,OK,1268728,meeker public school,,,
1089,OK,1268729,okmulgee public schools,,,
1090,OK,1268730,panama public schools,,,
1091,OK,1268734,turner public schools,,,
1092,MI,1267856,public schools of petsokey,,,
1093,NY,1268798,nassau county vocational education & extension board,,,
1094,SD,1268802,oelrichs school district,,,
1095,OR,1268816,west linn - wilsonville school district,,,
1096,MO,1267922,laplata r-ii school district,,,
1097,NE,1267965,lancaster county school district 145,,,
1098,NE,1267968,scotts bluff county school district no. 16 gering public schools,,,
1099,OK,1268822,healdton public schools,,,
1100,TX,1268852,denver city indepenedent school district,,,
1101,MO,1267924,licking r-viii school district,,,
1102,OR,1268865,sisters school district,,,